,title,url
0,파일:독일 국기.svg,https://namu.wiki/w/%ED%8C%8C%EC%9D%BC:%EB%8F%85%EC%9D%BC%20%EA%B5%AD%EA%B8%B0.svg
1,노태악 대법관 후임 인선 갈등 사태,https://namu.wiki/w/%EB%85%B8%ED%83%9C%EC%95%85%20%EB%8C%80%EB%B2%95%EA%B4%80%20%ED%9B%84%EC%9E%84%20%EC%9D%B8%EC%84%A0%20%EA%B0%88%EB%93%B1%20%EC%82%AC%ED%83%9C
2,한민재,https://namu.wiki/w/%ED%95%9C%EB%AF%BC%EC%9E%AC
3,바이오 리저드,https://namu.wiki/w/%EB%B0%94%EC%9D%B4%EC%98%A4%20%EB%A6%AC%EC%A0%80%EB%93%9C
4,이타이 히로키,https://namu.wiki/w/%EC%9D%B4%ED%83%80%EC%9D%B4%20%ED%9E%88%EB%A1%9C%ED%82%A4
5,수원시 버스 목록,https://namu.wiki/w/%EC%88%98%EC%9B%90%EC%8B%9C%20%EB%B2%84%EC%8A%A4%20%EB%AA%A9%EB%A1%9D
6,HiMERU,https://namu.wiki/w/HiMERU
7,The growing up train,https://namu.wiki/w/The%20growing%20up%20train
8,대덕연구개발특구,https://namu.wiki/w/%EB%8C%80%EB%8D%95%EC%97%B0%EA%B5%AC%EA%B0%9C%EB%B0%9C%ED%8A%B9%EA%B5%AC
9,유희왕 마스터 듀얼/특수 연출 목록/소환 연출,https://namu.wiki/w/%EC%9C%A0%ED%9D%AC%EC%99%95%20%EB%A7%88%EC%8A%A4%ED%84%B0%20%EB%93%80%EC%96%BC/%ED%8A%B9%EC%88%98%20%EC%97%B0%EC%B6%9C%20%EB%AA%A9%EB%A1%9D/%EC%86%8C%ED%99%98%20%EC%97%B0%EC%B6%9C
10,박대준(기업인),https://namu.wiki/w/%EB%B0%95%EB%8C%80%EC%A4%80(%EA%B8%B0%EC%97%85%EC%9D%B8)
11,파일:증거순번 9기록 282번.png,https://namu.wiki/w/%ED%8C%8C%EC%9D%BC:%EC%A6%9D%EA%B1%B0%EC%88%9C%EB%B2%88%209%EA%B8%B0%EB%A1%9D%20282%EB%B2%88.png
12,하세가와 신야(야구),https://namu.wiki/w/%ED%95%98%EC%84%B8%EA%B0%80%EC%99%80%20%EC%8B%A0%EC%95%BC(%EC%95%BC%EA%B5%AC)
13,김소현(1975),https://namu.wiki/w/%EA%B9%80%EC%86%8C%ED%98%84(1975)
14,도샤구마,https://namu.wiki/w/%EB%8F%84%EC%83%A4%EA%B5%AC%EB%A7%88
15,브란덴부르크,https://namu.wiki/w/%EB%B8%8C%EB%9E%80%EB%8D%B4%EB%B6%80%EB%A5%B4%ED%81%AC
16,견자단,https://namu.wiki/w/%EA%B2%AC%EC%9E%90%EB%8B%A8
17,싱클레어(Project Moon 세계관)/인게임 정보,https://namu.wiki/w/%EC%8B%B1%ED%81%B4%EB%A0%88%EC%96%B4(Project%20Moon%20%EC%84%B8%EA%B3%84%EA%B4%80)/%EC%9D%B8%EA%B2%8C%EC%9E%84%20%EC%A0%95%EB%B3%B4
18,반전 술식,https://namu.wiki/w/%EB%B0%98%EC%A0%84%20%EC%88%A0%EC%8B%9D
19,SCP 재단/등급,https://namu.wiki/w/SCP%20%EC%9E%AC%EB%8B%A8/%EB%93%B1%EA%B8%89
20,유희왕 마스터 듀얼/특수 연출 목록/소환 연출,https://namu.wiki/w/%EC%9C%A0%ED%9D%AC%EC%99%95%20%EB%A7%88%EC%8A%A4%ED%84%B0%20%EB%93%80%EC%96%BC/%ED%8A%B9%EC%88%98%20%EC%97%B0%EC%B6%9C%20%EB%AA%A9%EB%A1%9D/%EC%86%8C%ED%99%98%20%EC%97%B0%EC%B6%9C
21,Google Play ASL 시즌22,https://namu.wiki/w/Google%20Play%20ASL%20%EC%8B%9C%EC%A6%8C22
22,아메미야 아키라,https://namu.wiki/w/%EC%95%84%EB%A9%94%EB%AF%B8%EC%95%BC%20%EC%95%84%ED%82%A4%EB%9D%BC
23,2025-2026 KB국민은행 바둑리그,https://namu.wiki/w/2025-2026%20KB%EA%B5%AD%EB%AF%BC%EC%9D%80%ED%96%89%20%EB%B0%94%EB%91%91%EB%A6%AC%EA%B7%B8
24,료멘스쿠나(주술회전)/능력,https://namu.wiki/w/%EB%A3%8C%EB%A9%98%EC%8A%A4%EC%BF%A0%EB%82%98(%EC%A3%BC%EC%88%A0%ED%9A%8C%EC%A0%84)/%EB%8A%A5%EB%A0%A5
25,사이렌(만화)/애니메이션,https://namu.wiki/w/%EC%82%AC%EC%9D%B4%EB%A0%8C(%EB%A7%8C%ED%99%94)/%EC%95%A0%EB%8B%88%EB%A9%94%EC%9D%B4%EC%85%98
26,김민지(댄서),https://namu.wiki/w/%EA%B9%80%EB%AF%BC%EC%A7%80(%EB%8C%84%EC%84%9C)
27,브랫 매티스(기업인),https://namu.wiki/w/%EB%B8%8C%EB%9E%AB%20%EB%A7%A4%ED%8B%B0%EC%8A%A4(%EA%B8%B0%EC%97%85%EC%9D%B8)
28,전범국,https://namu.wiki/w/%EC%A0%84%EB%B2%94%EA%B5%AD
29,칠곡(대구),https://namu.wiki/w/%EC%B9%A0%EA%B3%A1(%EB%8C%80%EA%B5%AC)
30,워킹 데드(드라마)/줄거리,https://namu.wiki/w/%EC%9B%8C%ED%82%B9%20%EB%8D%B0%EB%93%9C(%EB%93%9C%EB%9D%BC%EB%A7%88)/%EC%A4%84%EA%B1%B0%EB%A6%AC
31,낚시터,https://namu.wiki/w/%EB%82%9A%EC%8B%9C%ED%84%B0
32,IMPENDING,https://namu.wiki/w/IMPENDING
33,강필석,https://namu.wiki/w/%EA%B0%95%ED%95%84%EC%84%9D
34,비키 정,https://namu.wiki/w/%EB%B9%84%ED%82%A4%20%EC%A0%95
35,미야와키 사쿠라,https://namu.wiki/w/%EB%AF%B8%EC%95%BC%EC%99%80%ED%82%A4%20%EC%82%AC%EC%BF%A0%EB%9D%BC
36,Gen.G Esports/배틀그라운드/2026 시즌,https://namu.wiki/w/Gen.G%20Esports/%EB%B0%B0%ED%8B%80%EA%B7%B8%EB%9D%BC%EC%9A%B4%EB%93%9C/2026%20%EC%8B%9C%EC%A6%8C
37,임금님의 첫사랑,https://namu.wiki/w/%EC%9E%84%EA%B8%88%EB%8B%98%EC%9D%98%20%EC%B2%AB%EC%82%AC%EB%9E%91
38,올즈모빌,https://namu.wiki/w/%EC%98%AC%EC%A6%88%EB%AA%A8%EB%B9%8C
39,봉누도 2/평가,https://namu.wiki/w/%EB%B4%89%EB%88%84%EB%8F%84%202/%ED%8F%89%EA%B0%80
40,HiMERU,https://namu.wiki/w/HiMERU
41,틀:한국바둑리그 역대 시즌,https://namu.wiki/w/%ED%8B%80:%ED%95%9C%EA%B5%AD%EB%B0%94%EB%91%91%EB%A6%AC%EA%B7%B8%20%EC%97%AD%EB%8C%80%20%EC%8B%9C%EC%A6%8C
42,전투력(드래곤볼),https://namu.wiki/w/%EC%A0%84%ED%88%AC%EB%A0%A5(%EB%93%9C%EB%9E%98%EA%B3%A4%EB%B3%BC)
43,견자단,https://namu.wiki/w/%EA%B2%AC%EC%9E%90%EB%8B%A8
44,천장전대 고세이저,https://namu.wiki/w/%EC%B2%9C%EC%9E%A5%EC%A0%84%EB%8C%80%20%EA%B3%A0%EC%84%B8%EC%9D%B4%EC%A0%80
45,파일:내란재판 국회출입문지도.png,https://namu.wiki/w/%ED%8C%8C%EC%9D%BC:%EB%82%B4%EB%9E%80%EC%9E%AC%ED%8C%90%20%EA%B5%AD%ED%9A%8C%EC%B6%9C%EC%9E%85%EB%AC%B8%EC%A7%80%EB%8F%84.png
46,아편,https://namu.wiki/w/%EC%95%84%ED%8E%B8
47,검은 제국의 비수,https://namu.wiki/w/%EA%B2%80%EC%9D%80%20%EC%A0%9C%EA%B5%AD%EC%9D%98%20%EB%B9%84%EC%88%98
48,칠곡(대구),https://namu.wiki/w/%EC%B9%A0%EA%B3%A1(%EB%8C%80%EA%B5%AC)
49,설레랑,https://namu.wiki/w/%EC%84%A4%EB%A0%88%EB%9E%91
50,2026 아이치·나고야 아시안 게임 군면제 발언 논란,https://namu.wiki/w/2026%20%EC%95%84%EC%9D%B4%EC%B9%98%C2%B7%EB%82%98%EA%B3%A0%EC%95%BC%20%EC%95%84%EC%8B%9C%EC%95%88%20%EA%B2%8C%EC%9E%84%20%EA%B5%B0%EB%A9%B4%EC%A0%9C%20%EB%B0%9C%EC%96%B8%20%EB%85%BC%EB%9E%80
51,렐라,https://namu.wiki/w/%EB%A0%90%EB%9D%BC
52,샬레의 카도야 츠카사 선생님,https://namu.wiki/w/%EC%83%AC%EB%A0%88%EC%9D%98%20%EC%B9%B4%EB%8F%84%EC%95%BC%20%EC%B8%A0%EC%B9%B4%EC%82%AC%20%EC%84%A0%EC%83%9D%EB%8B%98
53,사용자:rodoro,https://namu.wiki/w/%EC%82%AC%EC%9A%A9%EC%9E%90:rodoro
54,피닉스 레파엘라,https://namu.wiki/w/%ED%94%BC%EB%8B%89%EC%8A%A4%20%EB%A0%88%ED%8C%8C%EC%97%98%EB%9D%BC
55,래오,https://namu.wiki/w/%EB%9E%98%EC%98%A4
56,다니엘 귀사,https://namu.wiki/w/%EB%8B%A4%EB%8B%88%EC%97%98%20%EA%B7%80%EC%82%AC
57,강점기/스포츠,https://namu.wiki/w/%EA%B0%95%EC%A0%90%EA%B8%B0/%EC%8A%A4%ED%8F%AC%EC%B8%A0
58,워킹 데드(드라마)/줄거리,https://namu.wiki/w/%EC%9B%8C%ED%82%B9%20%EB%8D%B0%EB%93%9C(%EB%93%9C%EB%9D%BC%EB%A7%88)/%EC%A4%84%EA%B1%B0%EB%A6%AC
59,싱클레어(Project Moon 세계관)/인게임 정보,https://namu.wiki/w/%EC%8B%B1%ED%81%B4%EB%A0%88%EC%96%B4(Project%20Moon%20%EC%84%B8%EA%B3%84%EA%B4%80)/%EC%9D%B8%EA%B2%8C%EC%9E%84%20%EC%A0%95%EB%B3%B4
60,염경엽/지도자 경력/2026년,https://namu.wiki/w/%EC%97%BC%EA%B2%BD%EC%97%BD/%EC%A7%80%EB%8F%84%EC%9E%90%20%EA%B2%BD%EB%A0%A5/2026%EB%85%84
61,싱클레어(Project Moon 세계관)/인게임 정보,https://namu.wiki/w/%EC%8B%B1%ED%81%B4%EB%A0%88%EC%96%B4(Project%20Moon%20%EC%84%B8%EA%B3%84%EA%B4%80)/%EC%9D%B8%EA%B2%8C%EC%9E%84%20%EC%A0%95%EB%B3%B4
62,2026 Demacia Cup Global Invitational/그룹 스테이지/3라운드,https://namu.wiki/w/2026%20Demacia%20Cup%20Global%20Invitational/%EA%B7%B8%EB%A3%B9%20%EC%8A%A4%ED%85%8C%EC%9D%B4%EC%A7%80/3%EB%9D%BC%EC%9A%B4%EB%93%9C
63,소설 동의보감,https://namu.wiki/w/%EC%86%8C%EC%84%A4%20%EB%8F%99%EC%9D%98%EB%B3%B4%EA%B0%90
64,Polargeist,https://namu.wiki/w/Polargeist
65,박진영/여담,https://namu.wiki/w/%EB%B0%95%EC%A7%84%EC%98%81/%EC%97%AC%EB%8B%B4
66,한민재,https://namu.wiki/w/%ED%95%9C%EB%AF%BC%EC%9E%AC
67,임지원,https://namu.wiki/w/%EC%9E%84%EC%A7%80%EC%9B%90
68,사이렌(만화)/애니메이션,https://namu.wiki/w/%EC%82%AC%EC%9D%B4%EB%A0%8C(%EB%A7%8C%ED%99%94)/%EC%95%A0%EB%8B%88%EB%A9%94%EC%9D%B4%EC%85%98
69,참피(태풍),https://namu.wiki/w/%EC%B0%B8%ED%94%BC(%ED%83%9C%ED%92%8D)
70,카게나루모노,https://namu.wiki/w/%EC%B9%B4%EA%B2%8C%EB%82%98%EB%A3%A8%EB%AA%A8%EB%85%B8
71,낚시터,https://namu.wiki/w/%EB%82%9A%EC%8B%9C%ED%84%B0
72,료멘스쿠나(주술회전)/능력,https://namu.wiki/w/%EB%A3%8C%EB%A9%98%EC%8A%A4%EC%BF%A0%EB%82%98(%EC%A3%BC%EC%88%A0%ED%9A%8C%EC%A0%84)/%EB%8A%A5%EB%A0%A5
73,틀:역대 중프랑크인의 왕,https://namu.wiki/w/%ED%8B%80:%EC%97%AD%EB%8C%80%20%EC%A4%91%ED%94%84%EB%9E%91%ED%81%AC%EC%9D%B8%EC%9D%98%20%EC%99%95
74,히브리인,https://namu.wiki/w/%ED%9E%88%EB%B8%8C%EB%A6%AC%EC%9D%B8
75,강점기/스포츠,https://namu.wiki/w/%EA%B0%95%EC%A0%90%EA%B8%B0/%EC%8A%A4%ED%8F%AC%EC%B8%A0
76,파일:암살 스킬로 이세계 최강 만화8.jpg,https://namu.wiki/w/%ED%8C%8C%EC%9D%BC:%EC%95%94%EC%82%B4%20%EC%8A%A4%ED%82%AC%EB%A1%9C%20%EC%9D%B4%EC%84%B8%EA%B3%84%20%EC%B5%9C%EA%B0%95%20%EB%A7%8C%ED%99%948.jpg
77,시외버스 인천공항-해운대,https://namu.wiki/w/%EC%8B%9C%EC%99%B8%EB%B2%84%EC%8A%A4%20%EC%9D%B8%EC%B2%9C%EA%B3%B5%ED%95%AD-%ED%95%B4%EC%9A%B4%EB%8C%80
78,세실리아 이머그린,https://namu.wiki/w/%EC%84%B8%EC%8B%A4%EB%A6%AC%EC%95%84%20%EC%9D%B4%EB%A8%B8%EA%B7%B8%EB%A6%B0
79,샬레의 카도야 츠카사 선생님,https://namu.wiki/w/%EC%83%AC%EB%A0%88%EC%9D%98%20%EC%B9%B4%EB%8F%84%EC%95%BC%20%EC%B8%A0%EC%B9%B4%EC%82%AC%20%EC%84%A0%EC%83%9D%EB%8B%98
80,검은 제국의 비수,https://namu.wiki/w/%EA%B2%80%EC%9D%80%20%EC%A0%9C%EA%B5%AD%EC%9D%98%20%EB%B9%84%EC%88%98
81,봉누도 2/평가,https://namu.wiki/w/%EB%B4%89%EB%88%84%EB%8F%84%202/%ED%8F%89%EA%B0%80
82,에드먼드 혼다,https://namu.wiki/w/%EC%97%90%EB%93%9C%EB%A8%BC%EB%93%9C%20%ED%98%BC%EB%8B%A4
83,임지원,https://namu.wiki/w/%EC%9E%84%EC%A7%80%EC%9B%90
84,리오(이터널 리턴),https://namu.wiki/w/%EB%A6%AC%EC%98%A4(%EC%9D%B4%ED%84%B0%EB%84%90%20%EB%A6%AC%ED%84%B4)
85,흑상어,https://namu.wiki/w/%ED%9D%91%EC%83%81%EC%96%B4
86,2026 Demacia Cup Global Invitational/그룹 스테이지/3라운드,https://namu.wiki/w/2026%20Demacia%20Cup%20Global%20Invitational/%EA%B7%B8%EB%A3%B9%20%EC%8A%A4%ED%85%8C%EC%9D%B4%EC%A7%80/3%EB%9D%BC%EC%9A%B4%EB%93%9C
87,쉐도우밀크 쿠키/작중 행적,https://namu.wiki/w/%EC%89%90%EB%8F%84%EC%9A%B0%EB%B0%80%ED%81%AC%20%EC%BF%A0%ED%82%A4/%EC%9E%91%EC%A4%91%20%ED%96%89%EC%A0%81
88,죠죠의 기묘한 모험 오라오라 오버드라이브,https://namu.wiki/w/%EC%A3%A0%EC%A3%A0%EC%9D%98%20%EA%B8%B0%EB%AC%98%ED%95%9C%20%EB%AA%A8%ED%97%98%20%EC%98%A4%EB%9D%BC%EC%98%A4%EB%9D%BC%20%EC%98%A4%EB%B2%84%EB%93%9C%EB%9D%BC%EC%9D%B4%EB%B8%8C
89,2026 아이치·나고야 아시안 게임 군면제 발언 논란,https://namu.wiki/w/2026%20%EC%95%84%EC%9D%B4%EC%B9%98%C2%B7%EB%82%98%EA%B3%A0%EC%95%BC%20%EC%95%84%EC%8B%9C%EC%95%88%20%EA%B2%8C%EC%9E%84%20%EA%B5%B0%EB%A9%B4%EC%A0%9C%20%EB%B0%9C%EC%96%B8%20%EB%85%BC%EB%9E%80
90,바이에른,https://namu.wiki/w/%EB%B0%94%EC%9D%B4%EC%97%90%EB%A5%B8
91,Hey Tablo,https://namu.wiki/w/Hey%20Tablo
92,파일:암살 스킬로 이세계 최강 만화7.jpg,https://namu.wiki/w/%ED%8C%8C%EC%9D%BC:%EC%95%94%EC%82%B4%20%EC%8A%A4%ED%82%AC%EB%A1%9C%20%EC%9D%B4%EC%84%B8%EA%B3%84%20%EC%B5%9C%EA%B0%95%20%EB%A7%8C%ED%99%947.jpg
93,월드 오브 워크래프트/더미 데이터,https://namu.wiki/w/%EC%9B%94%EB%93%9C%20%EC%98%A4%EB%B8%8C%20%EC%9B%8C%ED%81%AC%EB%9E%98%ED%94%84%ED%8A%B8/%EB%8D%94%EB%AF%B8%20%EB%8D%B0%EC%9D%B4%ED%84%B0
94,정암진 전투,https://namu.wiki/w/%EC%A0%95%EC%95%94%EC%A7%84%20%EC%A0%84%ED%88%AC
95,분류:히브리인,https://namu.wiki/w/%EB%B6%84%EB%A5%98:%ED%9E%88%EB%B8%8C%EB%A6%AC%EC%9D%B8
96,CC 사바시아,https://namu.wiki/w/CC%20%EC%82%AC%EB%B0%94%EC%8B%9C%EC%95%84
97,충남 CNJ 이스포츠/이터널 리턴/2026 시즌/대한민국 이스포츠 리그,https://namu.wiki/w/%EC%B6%A9%EB%82%A8%20CNJ%20%EC%9D%B4%EC%8A%A4%ED%8F%AC%EC%B8%A0/%EC%9D%B4%ED%84%B0%EB%84%90%20%EB%A6%AC%ED%84%B4/2026%20%EC%8B%9C%EC%A6%8C/%EB%8C%80%ED%95%9C%EB%AF%BC%EA%B5%AD%20%EC%9D%B4%EC%8A%A4%ED%8F%AC%EC%B8%A0%20%EB%A6%AC%EA%B7%B8
98,Polargeist,https://namu.wiki/w/Polargeist
99,파일:내란재판 참고사진.png,https://namu.wiki/w/%ED%8C%8C%EC%9D%BC:%EB%82%B4%EB%9E%80%EC%9E%AC%ED%8C%90%20%EC%B0%B8%EA%B3%A0%EC%82%AC%EC%A7%84.png
