번호,이름,학교,학년,키,국어,영어,수학,특기
1,Stavro,디지털고,89,203,90,9,70,57
2,Eyde,디지털고,23,192,57,50,91,95
3,Augustin,구로고,100,186,76,63,79,73
4,Bethany,디지털고,54,160,72,3,73,78
5,Sully,디지털고,6,176,56,56,84,96
6,Roarke,디지털고,49,184,60,47,79,62
7,Stephine,디지털고,12,193,76,95,83,44
8,Mabelle,디지털고,89,174,55,80,73,60
9,Gale,디지털고,63,163,87,53,65,96
10,Georgeanne,디지털고,98,193,60,100,79,77
11,Reidar,디지털고,87,187,63,21,62,21
12,Urson,디지털고,94,164,77,94,34,79
13,Corty,디지털고,86,166,67,65,76,1
14,Megen,디지털고,92,189,75,93,79,70
15,Miguel,디지털고,7,201,73,88,50,94
16,Meg,디지털고,38,183,72,19,56,66
17,Jack,디지털고,11,192,74,39,36,85
18,Fifine,디지털고,8,174,95,100,84,11
19,Randal,디지털고,14,207,93,49,30,22
20,Jervis,디지털고,95,161,69,42,59,48
21,Hube,디지털고,79,171,90,92,38,81
22,Alexander,디지털고,26,193,79,23,69,97
23,Madison,디지털고,63,189,53,77,55,2
24,Barnebas,디지털고,74,197,51,95,44,22
25,Cletis,디지털고,32,178,82,29,51,73
26,Cele,디지털고,78,190,70,17,70,7
27,Cissiee,디지털고,76,183,65,15,45,2
28,Coretta,디지털고,45,183,67,80,41,20
29,Randa,디지털고,22,193,75,23,82,28
30,Gerhardt,디지털고,39,188,90,59,57,70
31,Caz,디지털고,20,206,70,28,90,87
32,Stafani,디지털고,3,207,93,58,75,44
33,Barr,디지털고,19,166,100,4,43,64
34,Jerrine,디지털고,37,200,92,2,73,39
35,Margarette,디지털고,18,202,84,9,30,79
36,Colene,디지털고,44,160,78,88,66,10
37,Farley,디지털고,78,189,95,10,59,12
38,Cheri,디지털고,56,194,78,100,61,58
39,Carri,디지털고,56,198,51,78,31,45
40,Talyah,디지털고,16,201,55,9,40,6
41,Griffin,디지털고,72,198,63,95,83,67
42,Jamaal,디지털고,26,207,54,6,75,89
43,Tan,디지털고,90,207,93,3,54,23
44,Slade,디지털고,92,160,64,70,69,80
45,Bethina,디지털고,38,190,88,48,58,46
46,Cello,디지털고,10,187,75,33,78,27
47,Shanta,디지털고,29,164,54,100,93,85
48,Ward,디지털고,39,209,66,8,38,86
49,Marc,디지털고,15,185,96,81,98,13
50,Cathe,디지털고,43,205,95,35,61,85
51,Keelia,디지털고,75,167,55,87,86,78
52,Vernor,디지털고,95,178,88,27,86,38
53,Lorelle,디지털고,65,165,76,43,94,40
54,Hilarius,구로고,84,167,81,93,35,38
55,Yvon,디지털고,66,204,94,46,52,74
56,Edouard,디지털고,34,176,53,65,60,7
57,Dulcie,디지털고,70,209,88,23,34,37
58,Agnella,디지털고,25,166,58,65,81,48
59,Raoul,디지털고,81,166,57,75,96,11
60,Myrah,디지털고,88,193,82,84,52,90
61,Shandee,디지털고,11,205,66,58,49,89
62,Bary,디지털고,23,175,53,37,76,81
63,Silvanus,디지털고,17,162,66,3,75,4
64,Mariquilla,디지털고,47,167,81,93,69,29
65,Clifford,디지털고,10,191,62,71,99,29
66,Estele,디지털고,3,175,66,10,87,65
67,Frank,디지털고,73,200,87,26,58,34
68,Joyann,디지털고,88,208,78,43,34,23
69,Damien,디지털고,25,205,67,75,91,26
70,Lodovico,디지털고,50,189,94,41,67,91
71,Carline,디지털고,11,199,68,86,75,61
72,Thibaud,디지털고,71,200,66,42,97,11
73,Amitie,디지털고,22,160,91,33,65,66
74,Lynda,디지털고,13,168,54,47,43,22
75,Garrek,디지털고,17,201,88,0,90,23
76,Doreen,디지털고,52,201,95,97,44,54
77,Kristyn,디지털고,65,200,52,17,83,65
78,Greta,디지털고,93,171,88,7,77,86
79,Marget,디지털고,18,185,68,63,36,35
80,Jacquenetta,디지털고,75,207,58,41,42,98
81,Salome,디지털고,24,204,66,44,62,82
82,Luz,신림고,61,210,90,87,36,42
83,Dyna,디지털고,16,169,98,63,34,91
84,Boote,디지털고,96,203,84,51,87,8
85,Dillon,디지털고,80,205,86,12,31,56
86,Carolyn,디지털고,95,193,62,88,99,39
87,Homere,디지털고,20,180,64,47,62,9
88,Sig,디지털고,50,195,83,71,57,68
89,Angelita,디지털고,63,194,50,99,87,97
90,Ofelia,디지털고,41,194,70,30,79,28
91,Dennis,디지털고,47,188,68,78,61,66
92,Gareth,디지털고,66,182,61,98,50,64
93,Berenice,디지털고,1,176,79,73,58,86
94,Cheryl,디지털고,41,167,59,28,55,22
95,Sidonnie,디지털고,57,194,50,12,69,84
96,Wesley,디지털고,73,175,82,13,70,83
97,Fergus,디지털고,7,170,77,92,99,7
98,Nisse,디지털고,72,174,97,93,63,51
99,Carlyle,디지털고,86,197,52,22,99,58
100,Adelheid,디지털고,99,180,64,8,95,23
101,Lawton,디지털고,7,186,69,60,74,94
102,Ludovika,디지털고,31,200,77,36,82,99
103,Duncan,디지털고,66,203,77,10,82,37
104,Guillemette,디지털고,77,193,77,100,40,72
105,Clemente,디지털고,52,179,96,90,47,46
106,Brandea,디지털고,49,193,97,18,40,64
107,Cari,디지털고,33,167,71,9,44,12
108,Rodrique,디지털고,45,166,72,86,90,64
109,Nelie,디지털고,54,182,84,94,94,24
110,Harald,디지털고,29,169,54,7,95,79
111,Leona,디지털고,19,168,97,96,48,26
112,Lucho,디지털고,48,191,70,76,64,64
113,Gianni,디지털고,12,168,83,98,92,48
114,Morse,디지털고,52,209,69,48,42,56
115,Fenelia,디지털고,38,185,72,53,49,17
116,Rochette,디지털고,39,198,78,90,100,100
117,Dionisio,디지털고,6,193,71,43,61,81
118,Lisa,디지털고,51,169,85,61,41,46
119,Jonis,디지털고,27,171,54,79,82,26
120,Matt,디지털고,80,199,50,40,51,59
121,Aubine,디지털고,88,173,72,74,69,50
122,Kariotta,디지털고,28,176,77,98,63,17
123,Gary,디지털고,32,189,71,75,31,89
124,Dinah,디지털고,31,205,91,58,33,33
125,Kimmy,디지털고,59,206,95,38,33,59
126,Vasili,디지털고,17,170,75,62,98,63
127,Caldwell,디지털고,2,206,78,66,76,57
128,Zachary,디지털고,96,163,65,31,74,64
129,Kirby,디지털고,44,190,59,75,48,73
130,Ayn,디지털고,20,184,76,74,34,67
131,Trix,디지털고,30,171,85,55,75,38
132,Winny,디지털고,78,174,73,16,36,62
133,Randi,디지털고,61,191,87,26,92,44
134,Hodge,디지털고,20,171,71,25,72,49
135,Dexter,디지털고,36,175,94,79,30,13
136,Muffin,디지털고,85,201,96,54,48,15
137,Shanon,디지털고,46,167,65,18,82,12
138,Parsifal,디지털고,97,173,84,56,52,43
139,Freddi,디지털고,33,192,80,15,91,9
140,Marthena,디지털고,41,161,75,25,55,56
141,Idette,디지털고,16,187,93,48,98,66
142,Faustine,디지털고,23,190,55,7,31,30
143,Joellyn,디지털고,46,183,83,20,38,56
144,Mead,디지털고,66,164,57,91,77,82
145,Alisha,디지털고,40,196,71,100,94,3
146,Arlyn,디지털고,84,166,87,24,57,4
147,Abigael,디지털고,62,194,88,83,41,59
148,Burt,디지털고,25,167,94,17,36,14
149,Page,디지털고,4,176,55,100,71,77
150,Eartha,디지털고,80,163,84,51,62,26
151,Risa,디지털고,21,164,79,49,91,76
152,Ree,디지털고,40,199,53,67,32,39
153,Korrie,디지털고,8,172,69,84,55,20
154,Josy,디지털고,42,164,74,26,32,25
155,Arlina,디지털고,49,167,56,88,98,21
156,Brittani,디지털고,94,162,91,30,83,8
157,Reinold,디지털고,40,183,90,41,98,48
158,Gayleen,디지털고,1,185,85,73,35,58
159,Cara,디지털고,88,198,74,36,63,36
160,Randolph,디지털고,44,178,69,74,77,43
161,Basilius,디지털고,18,194,95,29,45,91
162,Theda,디지털고,76,193,59,76,30,37
163,Colline,디지털고,82,209,57,26,41,31
164,Gennie,디지털고,12,186,81,78,39,42
165,Cicely,디지털고,27,196,57,32,37,20
166,Sallee,디지털고,13,177,68,59,35,57
167,Vic,디지털고,64,172,79,49,51,88
168,Brok,디지털고,97,175,62,64,56,17
169,Aprilette,디지털고,54,163,94,74,31,20
170,Lin,디지털고,5,171,86,9,30,15
171,Orv,디지털고,7,161,50,16,86,79
172,Trixi,디지털고,21,198,74,72,64,32
173,Shoshana,디지털고,88,208,59,20,48,87
174,Flor,디지털고,28,173,74,31,73,27
175,Lilith,디지털고,93,193,61,25,82,50
176,Karleen,디지털고,41,176,81,58,38,16
177,Mozelle,디지털고,31,173,87,20,71,31
178,Kenny,디지털고,41,171,83,59,67,58
179,Lissi,디지털고,60,171,96,50,85,45
180,Danika,디지털고,5,193,84,60,33,21
181,Gustie,디지털고,56,173,99,28,60,43
182,Lydie,디지털고,13,189,65,51,79,40
183,Chlo,디지털고,35,166,94,60,64,9
184,Hunt,디지털고,38,161,100,60,48,22
185,Ginnifer,디지털고,49,209,53,86,79,37
186,Meade,디지털고,79,161,57,96,83,12
187,Greg,디지털고,41,206,60,91,71,96
188,Guthrie,디지털고,7,193,54,69,57,34
189,Guthry,디지털고,49,175,74,95,38,9
190,Shanan,디지털고,81,192,56,15,93,11
191,Tann,디지털고,66,188,84,7,99,27
192,Cosme,디지털고,77,198,61,49,94,88
193,Tabatha,디지털고,22,179,75,43,98,90
194,Sly,디지털고,66,195,79,7,80,52
195,Clarabelle,디지털고,84,178,78,42,100,18
196,Uta,디지털고,21,162,50,57,43,26
197,Danila,디지털고,67,172,72,17,48,86
198,Shalna,디지털고,88,167,85,14,55,66
199,Meriel,디지털고,25,163,96,98,53,42
200,Winthrop,디지털고,66,186,78,62,85,87
201,Leon,디지털고,79,172,85,54,53,73
202,Linette,디지털고,78,181,100,80,53,31
203,Shellysheldon,디지털고,61,191,78,33,32,11
204,Denyse,디지털고,85,194,68,6,97,39
205,Franklyn,디지털고,69,199,98,63,93,99
206,Reg,디지털고,53,163,58,35,99,38
207,Rakel,디지털고,5,162,67,41,81,97
208,Nate,디지털고,18,189,63,62,99,31
209,Ardyce,디지털고,76,165,63,44,33,85
210,Bonnibelle,디지털고,5,172,61,77,83,40
211,Ethan,디지털고,89,174,87,94,95,36
212,Pasquale,디지털고,52,200,77,75,40,87
213,Kippy,디지털고,5,205,71,5,54,1
214,Lyn,디지털고,89,190,63,12,87,47
215,Brooks,구로고,56,182,74,74,82,99
216,Almeta,디지털고,14,182,63,54,72,48
217,Kermie,디지털고,74,207,93,36,82,37
218,Merell,디지털고,16,210,86,21,37,65
219,Barclay,디지털고,34,186,74,99,60,43
220,Constance,디지털고,45,181,80,63,34,52
221,Florida,디지털고,16,193,86,59,33,85
222,Tildi,디지털고,22,187,82,35,39,61
223,Opalina,디지털고,12,174,76,19,94,95
224,Godfree,디지털고,36,186,86,91,34,12
225,Paige,디지털고,59,199,57,4,94,66
226,Marga,디지털고,73,167,71,53,54,81
227,Batholomew,디지털고,41,173,61,16,92,60
228,Onfroi,디지털고,43,182,68,85,62,59
229,Burlie,디지털고,23,200,82,81,82,92
230,Rocky,디지털고,10,168,67,23,35,63
231,Aubine,디지털고,65,188,54,57,68,54
232,Gregor,디지털고,64,163,77,36,68,52
233,Victor,디지털고,73,185,82,66,38,98
234,Cordelia,디지털고,22,170,95,20,76,65
235,Elinor,디지털고,6,194,71,72,94,99
236,Grier,디지털고,74,173,99,52,81,34
237,Pace,디지털고,16,164,52,99,45,37
238,Ernst,디지털고,64,164,96,1,31,29
239,Henrie,디지털고,52,181,61,22,60,22
240,Dewitt,디지털고,64,184,79,42,85,91
241,Neille,디지털고,34,205,56,64,73,79
242,Francesco,디지털고,77,193,57,73,78,35
243,Pru,디지털고,16,167,96,73,62,6
244,Skipp,디지털고,61,191,66,74,71,12
245,Worden,디지털고,15,205,59,29,66,32
246,Ann-marie,디지털고,48,204,54,88,100,54
247,Eduino,디지털고,65,173,57,80,38,30
248,Vally,디지털고,38,173,85,88,94,19
249,Zandra,디지털고,26,199,56,37,63,87
250,Caesar,디지털고,92,163,86,33,43,86
251,Freida,디지털고,63,181,84,93,77,63
252,Davidson,디지털고,55,170,90,58,74,81
253,Bertie,디지털고,64,178,69,64,94,39
254,Davita,디지털고,36,191,89,37,86,82
255,Gail,디지털고,42,173,81,76,79,20
256,Murial,디지털고,36,209,60,30,60,73
257,Drew,디지털고,80,206,93,20,47,2
258,Shanda,신림고,21,206,71,21,85,15
259,Katharyn,디지털고,80,191,56,78,56,52
260,Sylas,디지털고,51,163,57,35,87,49
261,Garvin,디지털고,27,192,64,39,50,41
262,Bryn,디지털고,96,186,54,54,44,73
263,Burtie,신림고,28,185,87,10,62,53
264,Vasili,디지털고,71,198,73,0,36,40
265,Paxton,디지털고,61,185,88,18,90,87
266,Sigfrid,디지털고,68,162,55,27,66,39
267,Gian,디지털고,27,171,99,69,73,31
268,Marget,디지털고,75,171,81,82,76,43
269,Ann,디지털고,48,176,97,37,95,86
270,Gena,디지털고,66,203,68,81,77,60
271,Romona,디지털고,22,161,53,59,77,19
272,Caroljean,디지털고,32,177,85,94,73,10
273,Tyrus,디지털고,100,180,68,37,70,12
274,Christiano,디지털고,94,170,62,85,62,58
275,Perkin,디지털고,36,206,92,30,48,77
276,Sim,디지털고,82,199,76,69,67,46
277,Chadwick,디지털고,69,169,64,68,83,28
278,Jesus,디지털고,49,199,51,95,39,60
279,Marga,디지털고,59,201,93,62,84,25
280,Dmitri,디지털고,41,182,86,46,75,74
281,Leeland,디지털고,93,163,70,46,66,75
282,Anastasie,디지털고,76,176,73,16,61,60
283,Maryann,디지털고,79,161,96,78,82,92
284,Johnathon,디지털고,50,165,98,0,54,53
285,Edgard,디지털고,51,200,95,16,75,35
286,Lena,디지털고,34,161,93,43,87,100
287,Natka,디지털고,5,161,97,27,71,34
288,Price,디지털고,91,183,55,45,33,62
289,Laina,디지털고,45,198,75,41,57,100
290,Bernadene,디지털고,43,207,82,6,47,94
291,Desdemona,디지털고,12,161,50,61,42,61
292,Lesley,디지털고,21,189,70,32,71,63
293,Jannel,디지털고,67,180,96,0,97,71
294,Isaiah,디지털고,66,197,100,73,82,25
295,Hamid,디지털고,51,206,63,68,59,21
296,Almira,디지털고,66,210,98,84,37,85
297,Roger,디지털고,24,185,91,47,74,65
298,Rebeka,디지털고,45,165,76,75,40,10
299,Bryn,디지털고,62,174,70,51,33,58
300,Winnie,디지털고,67,174,69,11,67,46
301,Doria,디지털고,63,175,97,43,36,71
302,Merlina,디지털고,57,190,70,51,65,38
303,Jobi,디지털고,82,208,99,81,32,90
304,Merwyn,디지털고,47,196,71,19,54,4
305,Prissie,디지털고,61,189,80,5,70,9
306,Brad,디지털고,49,196,67,77,95,83
307,Coreen,디지털고,19,198,93,43,67,14
308,Griswold,디지털고,77,161,86,69,70,70
309,Dasie,디지털고,92,206,79,58,36,7
310,Ynez,디지털고,81,183,82,19,90,87
311,Francis,디지털고,54,160,72,61,88,66
312,Regan,디지털고,38,189,90,60,41,7
313,Kylie,디지털고,69,172,72,17,58,26
314,Katrine,디지털고,60,194,59,5,92,61
315,Alexina,디지털고,24,205,51,29,90,66
316,Tabb,디지털고,82,161,89,89,76,67
317,Jaymie,디지털고,38,160,93,78,98,66
318,See,디지털고,12,181,71,55,49,30
319,Corty,디지털고,21,191,83,3,88,83
320,Forester,디지털고,46,163,83,14,36,37
321,Monti,디지털고,72,182,88,97,67,43
322,Sibby,디지털고,34,174,58,0,97,16
323,Jaclin,디지털고,74,209,99,14,75,91
324,Bethany,디지털고,18,167,61,85,98,90
325,Marita,디지털고,22,175,73,55,91,50
326,Ianthe,디지털고,96,200,59,88,77,31
327,Casi,디지털고,90,176,60,15,33,34
328,Rutter,디지털고,13,169,88,5,68,52
329,Sascha,디지털고,61,188,76,66,33,58
330,Eileen,디지털고,30,200,74,29,31,78
331,Viviana,디지털고,72,180,82,15,46,68
332,Tann,디지털고,94,200,74,20,42,32
333,Dionne,디지털고,49,180,96,89,93,20
334,Haslett,디지털고,44,178,61,88,55,44
335,Corina,디지털고,100,160,71,86,47,87
336,Mordecai,디지털고,85,188,64,37,56,31
337,Nicoline,디지털고,40,208,58,24,62,33
338,Kippy,디지털고,80,178,54,47,47,14
339,Florie,디지털고,89,210,75,84,44,77
340,Frank,디지털고,75,160,71,31,79,99
341,Waly,디지털고,30,168,97,84,42,42
342,Rubie,디지털고,62,205,62,63,33,84
343,Carlynne,디지털고,15,204,66,14,56,4
344,Magdaia,디지털고,25,165,86,54,52,94
345,Marlin,디지털고,67,176,56,65,63,4
346,Crista,디지털고,57,163,98,2,44,51
347,Chet,디지털고,78,200,64,81,91,13
348,Nollie,디지털고,22,182,99,58,88,67
349,Port,디지털고,50,194,94,100,41,37
350,Rick,디지털고,91,195,94,7,75,97
351,Frants,디지털고,41,206,88,19,83,93
352,Poul,디지털고,77,200,51,51,54,78
353,Pennie,디지털고,80,171,65,39,63,54
354,Rolando,디지털고,71,178,68,83,87,40
355,Tait,디지털고,63,183,54,52,65,23
356,Zeke,디지털고,64,184,90,91,86,75
357,Francine,디지털고,90,208,60,71,92,58
358,Gwyneth,디지털고,74,188,94,48,84,37
359,Tuesday,디지털고,37,172,51,19,61,96
360,Chantalle,디지털고,33,180,63,25,79,83
361,Rochelle,디지털고,81,205,76,44,93,64
362,Bernette,디지털고,19,183,99,66,99,36
363,Tawnya,디지털고,25,185,58,96,34,85
364,Shirline,디지털고,66,184,76,3,100,74
365,Jammie,디지털고,35,167,72,55,97,7
366,Westbrook,디지털고,75,192,58,54,97,61
367,Fran,디지털고,4,175,77,29,72,55
368,Domenic,디지털고,96,168,89,74,47,80
369,Mose,디지털고,72,183,65,40,77,91
370,Tommi,디지털고,52,191,88,0,75,47
371,Joline,디지털고,76,208,81,48,39,55
372,Harland,디지털고,53,184,88,79,36,56
373,Delaney,디지털고,51,194,79,21,100,64
374,Olva,디지털고,34,190,60,30,71,78
375,Benny,디지털고,3,175,71,79,49,63
376,Natalya,디지털고,52,180,100,62,36,48
377,Asia,디지털고,86,204,92,64,38,64
378,Doti,디지털고,30,184,63,66,80,45
379,Siana,디지털고,19,189,96,72,51,6
380,Georas,디지털고,82,194,75,13,42,98
381,Elli,디지털고,87,197,79,24,38,17
382,Ewen,신림고,94,176,73,27,97,81
383,Hilly,디지털고,1,194,94,95,64,24
384,Basil,디지털고,50,163,63,84,65,90
385,Sharai,디지털고,46,189,54,19,30,77
386,Susanna,디지털고,26,184,99,56,35,64
387,Josefa,디지털고,66,188,69,32,68,18
388,Zechariah,디지털고,45,207,81,91,47,93
389,Hans,디지털고,33,166,54,64,61,37
390,Johnathan,디지털고,29,197,76,84,42,96
391,Chico,디지털고,51,189,96,97,64,60
392,Salomon,디지털고,76,194,65,93,53,24
393,Magda,디지털고,92,173,59,61,61,62
394,Beverly,디지털고,75,177,59,47,91,27
395,Allyson,디지털고,48,209,86,99,86,20
396,Natal,디지털고,36,176,78,10,93,49
397,Worth,디지털고,3,166,83,3,96,82
398,Jay,디지털고,81,167,74,99,80,51
399,Melissa,디지털고,18,201,85,80,73,20
400,Jill,디지털고,24,182,67,41,37,38
401,Luci,디지털고,12,207,72,38,65,2
402,Gale,디지털고,26,198,80,50,100,68
403,Dukey,디지털고,95,160,52,63,52,8
404,Christye,신림고,57,169,73,48,50,83
405,Berton,디지털고,30,178,51,8,100,42
406,Tarrance,디지털고,75,184,64,81,59,13
407,Vasily,구로고,54,210,58,19,98,58
408,Kelby,디지털고,2,186,83,76,74,84
409,Howie,구로고,38,209,73,0,69,98
410,Joice,디지털고,82,189,74,49,39,42
411,Selina,디지털고,61,199,73,76,55,31
412,Rosemaria,디지털고,91,160,64,35,68,38
413,Elbertina,디지털고,45,191,92,71,45,93
414,Elenore,디지털고,55,171,69,19,84,51
415,Sharyl,디지털고,69,183,85,89,47,68
416,Verile,디지털고,11,193,93,39,34,45
417,Kimberli,디지털고,10,202,64,35,30,21
418,Pennie,디지털고,38,164,61,21,44,42
419,Meghan,디지털고,51,189,95,54,41,58
420,Heddie,디지털고,40,188,90,26,57,64
421,Kacie,디지털고,65,202,65,61,36,70
422,Omero,디지털고,51,177,93,59,100,45
423,Deloris,디지털고,47,195,91,29,98,56
424,Rena,디지털고,86,192,57,27,48,85
425,Amelita,디지털고,68,179,66,16,62,17
426,Benny,디지털고,84,164,73,98,31,33
427,Lannie,디지털고,48,162,76,22,41,42
428,Rurik,디지털고,65,165,88,99,64,17
429,Leta,디지털고,89,204,94,95,61,39
430,Rosabella,디지털고,2,162,87,91,46,49
431,Kirsten,디지털고,22,171,60,69,57,19
432,Tara,디지털고,75,203,98,54,44,25
433,Moselle,디지털고,70,161,55,78,61,79
434,Conney,디지털고,14,193,59,37,42,23
435,Marylynne,디지털고,86,172,57,83,98,2
436,Willette,디지털고,96,186,92,76,57,25
437,Eustace,디지털고,53,173,83,68,66,63
438,Corie,디지털고,15,200,76,29,72,93
439,Prisca,디지털고,54,182,62,85,85,44
440,Berni,디지털고,95,176,66,88,67,1
441,Krysta,디지털고,5,162,87,9,95,89
442,Gretal,디지털고,84,182,66,54,74,98
443,Babette,디지털고,2,199,96,19,87,69
444,Aurelie,디지털고,53,204,54,91,41,27
445,Terrijo,디지털고,87,205,84,29,82,47
446,Odele,디지털고,45,164,85,34,65,89
447,Bambi,디지털고,76,173,82,62,39,61
448,Susana,디지털고,20,189,61,60,100,60
449,Lissy,디지털고,71,207,87,83,50,41
450,Raine,디지털고,13,169,96,11,54,47
451,Karlik,디지털고,28,193,96,97,76,99
452,Newton,디지털고,22,202,72,18,47,57
453,Cecilio,디지털고,12,162,84,53,88,32
454,Ardene,디지털고,65,194,57,76,58,51
455,Mavis,디지털고,3,197,78,5,51,63
456,Mirella,디지털고,36,164,76,57,91,44
457,Dari,디지털고,86,192,50,94,89,35
458,Sidney,디지털고,2,177,95,35,82,2
459,Diandra,디지털고,78,180,72,44,50,87
460,Madelina,디지털고,7,193,78,53,65,39
461,Lauren,디지털고,67,199,57,62,39,54
462,Missy,구로고,29,169,68,23,88,57
463,Tyson,디지털고,89,178,58,1,85,29
464,Brenn,디지털고,80,161,59,82,48,20
465,Deane,디지털고,78,210,83,1,80,2
466,Tish,디지털고,67,187,65,91,65,4
467,Ellary,디지털고,12,171,67,9,88,54
468,Liv,디지털고,29,188,65,79,75,80
469,Arri,디지털고,51,175,53,88,96,89
470,Ronny,디지털고,25,174,89,86,52,80
471,Marlane,디지털고,30,162,58,41,40,72
472,Maurice,디지털고,40,206,81,86,71,19
473,Giorgia,디지털고,90,208,67,40,50,63
474,Duffy,디지털고,17,171,95,26,76,72
475,Jude,디지털고,39,176,69,98,95,59
476,Oneida,디지털고,46,179,73,49,99,47
477,Mariya,디지털고,99,171,50,0,79,30
478,Bernetta,디지털고,7,185,59,87,61,87
479,Anett,디지털고,22,171,81,46,30,62
480,Don,디지털고,50,185,72,70,83,50
481,Buck,디지털고,18,165,53,42,66,68
482,Michele,디지털고,54,178,74,90,41,40
483,Clementius,디지털고,23,197,53,38,86,83
484,Ripley,디지털고,91,177,74,10,42,48
485,Philip,디지털고,90,185,57,94,37,82
486,Marje,디지털고,97,209,73,3,98,81
487,Carena,디지털고,85,178,52,98,47,86
488,Kinna,디지털고,98,170,97,49,70,50
489,Fabio,디지털고,51,169,84,96,37,36
490,Devin,디지털고,51,182,96,48,79,76
491,Violette,구로고,14,200,75,76,91,96
492,Emilia,디지털고,79,165,81,97,59,17
493,Leshia,디지털고,34,171,96,84,88,70
494,Lammond,디지털고,67,180,81,71,58,19
495,Tiff,디지털고,43,201,52,6,61,14
496,Clarabelle,디지털고,68,184,58,60,91,86
497,Maegan,디지털고,19,165,50,22,78,87
498,Elias,디지털고,55,210,95,91,73,45
499,Stillmann,디지털고,51,184,80,55,96,19
500,Dorey,디지털고,30,160,92,89,72,65
501,Natassia,디지털고,11,204,85,58,85,8
502,Trudi,디지털고,39,185,73,12,84,62
503,Kristos,디지털고,81,204,85,19,94,50
504,Juliet,디지털고,63,179,89,66,81,3
505,Dulce,디지털고,86,195,71,67,79,2
506,Wiatt,디지털고,76,168,65,82,47,52
507,Carroll,디지털고,6,200,71,40,48,93
508,Corby,디지털고,74,167,85,18,42,27
509,Chloris,디지털고,54,171,73,67,41,10
510,Martynne,디지털고,92,161,90,47,35,22
511,Bjorn,디지털고,2,189,73,63,37,53
512,Tommi,디지털고,73,172,84,97,89,97
513,Jameson,디지털고,27,174,51,99,41,58
514,Jerome,디지털고,16,203,78,10,82,21
515,Thelma,디지털고,78,199,86,47,64,8
516,Ivonne,디지털고,93,188,78,44,51,87
517,Cleveland,디지털고,32,162,54,71,39,86
518,Ardis,디지털고,93,201,77,58,93,18
519,Leonelle,디지털고,29,198,66,94,40,60
520,Rhoda,디지털고,65,168,58,69,52,32
521,Florella,디지털고,18,174,51,27,69,54
522,Merrick,디지털고,31,181,90,91,64,44
523,Ailey,디지털고,99,168,58,62,44,36
524,Dell,디지털고,92,204,91,61,33,28
525,Michaelina,디지털고,76,200,66,6,39,14
526,Hakim,디지털고,69,183,62,93,99,75
527,Caty,디지털고,84,199,50,82,74,80
528,Lowrance,디지털고,15,192,51,21,35,62
529,Marlyn,디지털고,54,169,73,1,89,49
530,Libbie,디지털고,50,194,100,0,82,7
531,Edithe,디지털고,55,170,70,98,94,15
532,Zeke,디지털고,78,165,60,99,48,98
533,Ruthe,디지털고,46,182,71,50,67,53
534,Liz,디지털고,99,188,55,67,62,4
535,Barrie,디지털고,18,195,52,10,89,19
536,Crin,디지털고,88,189,58,18,56,2
537,Roxi,디지털고,59,189,67,75,65,30
538,Valerie,디지털고,79,177,57,23,54,65
539,Kat,디지털고,14,183,78,27,44,57
540,Lanita,구로고,100,202,75,90,45,22
541,Trueman,디지털고,36,192,66,18,46,62
542,Odella,디지털고,53,209,68,22,40,30
543,Rick,디지털고,92,174,50,80,46,96
544,Terrel,신림고,94,174,89,29,42,98
545,Kleon,디지털고,44,206,52,33,96,80
546,Eddie,디지털고,68,186,70,72,67,80
547,Lolita,디지털고,42,204,85,3,93,41
548,Nealson,디지털고,83,178,89,21,62,9
549,Neil,디지털고,57,203,52,58,50,80
550,Maria,디지털고,26,192,83,91,65,44
551,Urban,디지털고,50,161,77,24,72,72
552,Halie,디지털고,9,205,89,5,81,86
553,Obidiah,디지털고,6,179,64,77,43,70
554,Bartie,디지털고,57,161,62,33,62,56
555,Todd,디지털고,3,194,86,59,87,1
556,Darby,디지털고,86,168,95,69,39,40
557,Spenser,디지털고,5,189,77,30,44,32
558,Theo,디지털고,55,194,57,84,90,51
559,Bobina,디지털고,10,167,64,70,48,13
560,Jorie,디지털고,15,182,81,35,65,56
561,Stacee,신림고,66,177,84,84,88,73
562,Tamra,디지털고,19,198,98,57,76,18
563,Jacintha,디지털고,17,168,58,15,70,47
564,Artemus,디지털고,35,177,81,91,44,18
565,Druci,디지털고,30,173,91,38,37,68
566,Eleonore,디지털고,73,208,68,93,59,76
567,Horatia,디지털고,26,200,66,94,35,29
568,Hodge,디지털고,74,210,78,0,30,44
569,Obediah,디지털고,2,184,100,81,48,35
570,Skippie,디지털고,97,178,77,30,32,5
571,Gnni,신림고,10,209,54,21,70,56
572,Milli,디지털고,100,181,85,48,86,44
573,Eolande,디지털고,72,178,69,29,39,98
574,Colet,구로고,21,169,93,71,42,20
575,Carson,디지털고,75,171,54,69,52,92
576,Scot,디지털고,1,197,94,68,72,36
577,Inesita,디지털고,64,191,87,79,33,76
578,Maddi,디지털고,53,171,65,28,45,35
579,Mathilde,디지털고,4,207,99,29,74,22
580,Jannel,디지털고,94,191,57,80,39,21
581,Sarette,디지털고,95,198,91,95,72,83
582,Talbert,디지털고,38,176,70,19,46,77
583,Jarret,디지털고,24,208,57,13,76,78
584,Dominick,신림고,17,169,55,98,81,12
585,Hubert,디지털고,12,168,88,91,77,55
586,Nealy,디지털고,15,188,97,24,31,91
587,Carlin,디지털고,62,163,53,43,44,93
588,Dorrie,디지털고,3,210,57,58,94,43
589,Guendolen,디지털고,1,187,99,22,60,70
590,Rocky,디지털고,10,205,73,39,47,70
591,Yanaton,디지털고,43,172,100,74,47,69
592,Chrotoem,디지털고,10,173,98,34,52,31
593,Tim,디지털고,30,179,68,33,94,79
594,Corbie,디지털고,88,181,60,71,84,51
595,Gonzalo,디지털고,91,164,50,73,69,50
596,Ronalda,디지털고,98,197,65,84,92,100
597,Estel,디지털고,42,186,89,93,74,93
598,Sheeree,디지털고,95,196,87,40,71,8
599,Rodolfo,디지털고,93,166,73,57,84,56
600,Theadora,디지털고,94,175,98,38,99,89
601,Rutledge,디지털고,91,163,63,55,90,79
602,Prinz,디지털고,37,162,72,8,48,56
603,Kenton,디지털고,54,182,99,33,37,54
604,Lorenza,디지털고,18,201,67,16,50,100
605,Rod,디지털고,13,164,79,86,41,91
606,Davidson,디지털고,13,169,88,57,92,67
607,Francklyn,디지털고,63,195,73,26,53,79
608,Krysta,디지털고,21,167,54,42,73,44
609,Sergent,디지털고,31,188,94,24,32,66
610,Em,구로고,66,197,54,82,66,78
611,Beatrice,디지털고,16,182,54,56,73,68
612,Theda,디지털고,65,201,84,80,67,90
613,Gerome,디지털고,23,189,99,1,94,29
614,Edythe,디지털고,36,163,67,69,46,5
615,Sebastien,디지털고,29,193,98,18,95,84
616,Kelli,디지털고,49,210,88,80,100,15
617,Ximenes,디지털고,38,201,77,35,68,83
618,Frieda,디지털고,45,201,86,90,92,33
619,Chiquita,디지털고,39,160,88,86,82,4
620,Marika,디지털고,31,163,68,59,47,87
621,Silvia,디지털고,56,175,63,5,49,23
622,Gladys,디지털고,43,187,70,31,61,49
623,Derk,디지털고,61,192,79,40,40,32
624,Erroll,디지털고,59,160,75,12,83,74
625,Horatia,디지털고,79,169,75,68,46,20
626,Zara,디지털고,47,202,91,89,99,29
627,Harriet,디지털고,21,206,54,25,53,92
628,Michel,디지털고,43,174,66,31,48,75
629,Claire,디지털고,62,210,63,99,89,23
630,Wiley,디지털고,11,182,67,11,96,9
631,Sascha,디지털고,17,181,75,69,61,73
632,Junia,디지털고,14,190,89,60,82,86
633,Margarethe,디지털고,46,179,63,10,37,76
634,Roda,디지털고,40,186,74,73,33,39
635,Audie,디지털고,59,175,72,84,62,9
636,Lorelle,디지털고,98,178,66,93,55,84
637,Maddie,디지털고,37,190,93,14,81,89
638,Griz,디지털고,3,183,52,46,62,29
639,Percival,디지털고,29,188,89,92,30,43
640,Vernon,디지털고,68,194,86,92,47,15
641,Alva,디지털고,34,195,83,7,96,36
642,Susann,디지털고,37,166,57,90,43,41
643,Amby,디지털고,77,207,96,73,96,73
644,Kirbie,디지털고,76,203,88,29,81,30
645,Leon,디지털고,83,173,84,47,48,89
646,Raffaello,디지털고,26,170,63,11,61,96
647,Dewitt,디지털고,90,174,89,2,63,53
648,Mandel,디지털고,55,203,82,53,30,48
649,Perry,디지털고,89,180,58,91,43,96
650,Eddie,디지털고,11,164,84,45,87,82
651,Sigismondo,디지털고,82,199,92,44,55,8
652,Johnath,디지털고,49,194,64,29,82,5
653,Brice,디지털고,57,174,52,95,93,37
654,Danielle,디지털고,38,191,74,57,96,39
655,Lyndsey,디지털고,10,209,84,28,92,66
656,Roda,디지털고,51,164,99,82,32,9
657,Maximilian,디지털고,4,197,68,35,46,90
658,Marcille,디지털고,17,172,97,47,66,76
659,Miranda,디지털고,2,184,78,51,95,49
660,Ernst,디지털고,1,192,87,83,54,5
661,Olin,디지털고,37,172,93,63,67,26
662,Reyna,디지털고,82,197,78,4,87,53
663,Loni,디지털고,52,209,97,14,41,8
664,Mariette,디지털고,77,181,59,69,56,92
665,Em,디지털고,59,208,55,7,72,61
666,Werner,디지털고,74,199,67,83,96,99
667,Hannie,디지털고,27,178,53,23,85,90
668,Gabe,신림고,80,168,59,11,85,6
669,Corella,구로고,100,175,95,31,36,80
670,Orv,디지털고,79,187,58,20,37,15
671,Filip,디지털고,85,194,74,47,42,10
672,Desiree,디지털고,31,180,96,85,35,87
673,Dallis,디지털고,38,201,83,80,36,11
674,Bobinette,디지털고,44,191,72,33,89,42
675,Ondrea,디지털고,51,170,85,73,39,63
676,Robenia,디지털고,3,193,98,98,92,92
677,Hardy,디지털고,5,195,96,34,60,83
678,Ernesta,디지털고,73,198,90,18,81,74
679,Malissia,디지털고,39,191,60,7,60,72
680,Sonia,디지털고,51,189,91,99,59,32
681,Rudy,디지털고,87,160,54,99,82,16
682,Roxi,디지털고,63,160,68,7,62,21
683,Trever,디지털고,37,179,53,31,82,5
684,Basia,디지털고,20,193,53,3,97,97
685,Cash,디지털고,91,188,72,90,90,26
686,Rutger,디지털고,13,168,90,13,93,46
687,Vickie,디지털고,2,207,85,57,96,68
688,Ame,디지털고,6,207,78,67,70,89
689,Gayle,디지털고,46,174,67,77,98,17
690,Meier,디지털고,97,201,71,60,33,96
691,Nanny,디지털고,91,202,77,42,87,100
692,Elysha,디지털고,90,163,69,53,51,43
693,Addie,디지털고,27,177,62,21,58,30
694,Moishe,디지털고,73,186,58,7,39,23
695,Hillary,디지털고,16,190,75,68,53,65
696,Wildon,구로고,63,178,77,98,60,64
697,Willie,디지털고,66,200,55,34,98,2
698,Dukey,디지털고,78,176,69,63,65,51
699,Gwen,디지털고,38,182,52,49,65,100
700,Lennard,디지털고,75,203,72,18,78,87
701,Kelsi,디지털고,6,164,93,47,94,59
702,Joey,디지털고,55,186,71,41,85,38
703,Theadora,디지털고,35,205,75,3,87,71
704,Isidoro,디지털고,100,207,67,9,47,52
705,Peyter,디지털고,27,161,80,67,73,75
706,Thomas,디지털고,1,203,66,89,43,23
707,Cara,디지털고,88,190,73,70,82,71
708,Nestor,디지털고,86,206,95,80,37,31
709,Cindra,디지털고,26,184,79,12,90,5
710,Othilia,디지털고,45,164,51,26,47,32
711,Libbie,디지털고,6,178,68,15,99,41
712,Ericka,디지털고,95,195,72,14,54,76
713,Estrella,디지털고,96,184,88,61,61,20
714,Barbara-anne,디지털고,37,184,51,12,64,20
715,Madalyn,디지털고,27,186,81,39,63,56
716,Aloisia,디지털고,15,204,100,81,51,88
717,Orsa,디지털고,29,201,93,40,40,20
718,Gertrude,디지털고,84,182,52,36,50,30
719,Ruby,디지털고,11,178,68,77,42,67
720,Eberto,디지털고,43,168,87,5,50,34
721,Veronique,디지털고,7,172,52,96,56,76
722,Elwin,디지털고,73,160,63,93,93,2
723,Betti,디지털고,25,176,92,84,88,65
724,Geordie,디지털고,17,173,58,80,55,1
725,Anastasie,디지털고,20,198,88,22,38,79
726,Nicolis,디지털고,34,181,57,96,36,5
727,Carolan,디지털고,56,190,53,54,80,85
728,Luise,디지털고,66,169,76,74,48,10
729,Iorgo,디지털고,1,210,86,65,81,82
730,Travers,디지털고,10,207,58,46,38,47
731,Anabel,디지털고,53,184,94,20,83,34
732,Rosabella,디지털고,76,169,95,99,98,10
733,Fulton,디지털고,35,161,97,18,95,54
734,Agata,디지털고,89,209,54,57,71,53
735,Bathsheba,디지털고,86,208,99,6,74,27
736,Miranda,디지털고,22,167,54,5,32,91
737,Elizabeth,디지털고,38,176,98,65,46,96
738,Keslie,디지털고,58,170,63,69,86,71
739,Alvie,디지털고,66,169,79,44,53,78
740,Nadine,디지털고,89,166,61,38,83,89
741,Collette,디지털고,95,187,86,74,46,12
742,Garrott,디지털고,69,177,69,21,52,99
743,Amanda,디지털고,18,206,84,23,50,79
744,Devon,디지털고,75,194,77,45,56,12
745,Sheena,디지털고,23,200,94,63,32,89
746,Eddi,디지털고,22,200,84,96,67,93
747,Natalee,디지털고,43,165,69,40,70,3
748,Emilie,디지털고,9,202,74,81,67,68
749,Mayor,디지털고,19,188,59,28,33,93
750,Rozalie,디지털고,93,194,83,25,78,34
751,Tarrance,디지털고,58,172,92,35,67,57
752,Elva,디지털고,40,194,82,28,52,41
753,Viviyan,디지털고,61,179,86,24,92,58
754,Adolphe,디지털고,89,208,96,0,72,40
755,Alfons,디지털고,19,194,53,17,46,88
756,Carolin,디지털고,80,168,52,2,31,53
757,Wanids,디지털고,91,179,59,15,99,93
758,Cahra,디지털고,20,210,80,10,37,64
759,Dannie,디지털고,78,207,75,7,72,6
760,La verne,디지털고,65,169,54,56,34,3
761,Sherrie,디지털고,23,187,76,14,46,77
762,Enrico,디지털고,48,161,79,56,86,16
763,Lindsey,디지털고,67,187,62,57,56,33
764,Sol,디지털고,96,184,80,8,32,30
765,Tommie,디지털고,60,182,94,80,83,12
766,Elita,디지털고,13,175,98,56,76,35
767,Vachel,디지털고,66,181,76,85,73,74
768,Anny,디지털고,77,184,59,64,96,19
769,Barret,디지털고,53,165,72,53,68,14
770,Booth,디지털고,10,167,57,92,63,27
771,Shane,디지털고,63,173,94,31,60,11
772,Sid,디지털고,29,168,78,31,85,68
773,Tedi,디지털고,97,188,96,50,49,2
774,Neils,디지털고,23,204,97,5,33,11
775,Tiff,디지털고,40,190,56,19,52,57
776,Frederic,디지털고,79,176,65,34,91,58
777,Arliene,디지털고,21,167,86,94,47,90
778,Ursa,디지털고,80,194,86,26,93,33
779,Casi,디지털고,1,188,75,54,62,85
780,Kit,디지털고,100,163,70,32,99,65
781,Dyana,디지털고,17,208,87,58,68,86
782,Glynda,디지털고,60,165,80,31,92,87
783,Jania,디지털고,3,203,90,18,61,24
784,Jacintha,디지털고,72,193,60,60,61,76
785,Timofei,디지털고,88,194,50,9,58,80
786,Taite,디지털고,40,168,71,22,48,5
787,Silvio,디지털고,42,165,65,8,91,87
788,Sammie,디지털고,56,202,90,88,71,79
789,Fairlie,디지털고,72,171,66,19,31,95
790,Rosabella,디지털고,76,200,75,68,42,84
791,Henka,디지털고,25,166,66,64,51,85
792,Elvis,디지털고,58,198,92,83,42,31
793,Eldredge,디지털고,46,184,72,65,41,39
794,Scotty,디지털고,94,170,50,43,53,95
795,Cassie,디지털고,78,202,54,66,32,36
796,Connor,디지털고,81,171,61,39,71,86
797,Jolene,디지털고,60,166,54,55,36,33
798,Diego,디지털고,2,171,78,58,48,37
799,Winna,디지털고,22,185,86,67,85,89
800,Drugi,디지털고,89,175,63,85,31,18
801,Virgie,디지털고,43,201,52,32,95,42
802,Patrizius,디지털고,42,210,92,32,45,36
803,Dulciana,디지털고,66,182,65,24,32,43
804,Claudell,신림고,41,165,55,42,80,49
805,Kacy,디지털고,27,194,57,20,92,48
806,Rhona,디지털고,1,162,50,13,99,90
807,Faun,디지털고,88,184,97,69,79,64
808,Shelli,디지털고,71,184,82,12,51,61
809,Nichol,디지털고,65,182,83,51,70,72
810,Concettina,디지털고,43,192,76,18,59,66
811,Marta,디지털고,96,187,61,24,91,93
812,Honoria,디지털고,95,203,74,26,100,94
813,Reinaldo,디지털고,39,179,80,84,88,66
814,Lenka,디지털고,84,200,79,36,82,85
815,Marilin,디지털고,65,174,58,42,96,1
816,Jasmin,디지털고,24,172,93,73,38,64
817,Ogdon,디지털고,98,199,67,16,33,51
818,Steve,디지털고,15,197,70,66,91,43
819,Olenolin,디지털고,10,191,67,53,37,75
820,Caldwell,디지털고,25,162,90,41,100,18
821,Slade,디지털고,50,171,100,18,45,50
822,Antonia,디지털고,70,161,66,19,98,42
823,Siward,디지털고,32,203,92,85,86,3
824,Mikel,디지털고,65,203,86,23,52,80
825,Eugenio,디지털고,83,197,56,49,55,7
826,Durand,디지털고,91,173,55,11,76,62
827,Annmaria,신림고,28,189,58,23,74,97
828,Dolli,디지털고,53,205,83,55,30,87
829,Myrle,디지털고,100,191,68,65,76,32
830,Dorothea,디지털고,54,184,96,7,57,93
831,Tamara,디지털고,8,180,56,82,35,84
832,Marcelia,디지털고,33,170,66,38,53,8
833,Filmore,디지털고,68,197,95,13,72,27
834,Ches,디지털고,92,185,51,35,81,89
835,Kaylil,디지털고,75,160,78,85,34,5
836,Prudi,디지털고,90,174,70,77,93,31
837,Normy,디지털고,52,162,75,52,89,52
838,Leanor,디지털고,63,197,80,61,40,7
839,Patrizio,디지털고,5,165,73,81,51,19
840,Dareen,디지털고,51,171,74,26,51,61
841,Aveline,디지털고,87,199,65,57,94,50
842,Abagail,디지털고,79,185,76,37,36,100
843,Daphna,디지털고,29,182,83,1,61,45
844,Kennith,디지털고,75,200,94,42,60,69
845,Farlay,디지털고,37,167,98,5,100,32
846,Sonny,디지털고,96,209,99,54,61,30
847,Ingram,디지털고,59,161,85,89,74,24
848,Brady,디지털고,45,167,50,82,61,41
849,Lizzy,디지털고,82,189,60,76,43,3
850,Eleanore,디지털고,51,206,77,22,48,60
851,Saundra,디지털고,90,190,85,81,58,29
852,Chelsy,디지털고,43,192,62,82,54,50
853,Leann,디지털고,62,164,60,57,62,100
854,Danyelle,디지털고,66,207,96,26,88,100
855,Courtney,디지털고,89,205,92,15,46,19
856,Farley,디지털고,82,198,88,68,33,93
857,Gareth,디지털고,17,184,52,73,65,81
858,Maury,디지털고,64,179,85,96,35,1
859,Norean,디지털고,98,194,96,42,89,24
860,Elaine,디지털고,76,165,63,76,72,67
861,Norby,디지털고,58,205,79,60,47,36
862,Angelique,디지털고,96,203,53,95,95,69
863,Lorri,디지털고,81,179,91,60,35,54
864,Malissa,디지털고,47,180,59,76,96,6
865,Etty,디지털고,66,208,85,45,80,90
866,Elita,디지털고,35,180,90,0,41,79
867,Wilmette,디지털고,15,176,71,80,93,22
868,Aprilette,디지털고,81,160,58,45,74,31
869,Dalton,디지털고,8,170,67,41,85,87
870,Marquita,디지털고,40,195,91,41,89,83
871,Masha,디지털고,76,181,92,23,89,27
872,Vyky,디지털고,71,174,66,68,32,15
873,Orelee,디지털고,68,199,72,84,40,33
874,Karly,디지털고,33,160,66,61,54,26
875,Isaac,디지털고,19,175,72,48,71,43
876,Leda,디지털고,59,172,57,82,52,11
877,Andreana,디지털고,51,160,50,23,44,99
878,Stephine,디지털고,41,191,53,10,76,97
879,Annalise,디지털고,85,162,100,86,76,9
880,Bourke,디지털고,98,201,64,60,74,80
881,Valerye,디지털고,62,205,94,29,33,70
882,Carroll,디지털고,43,198,59,95,43,56
883,Lyda,디지털고,81,166,77,27,74,74
884,Lynna,디지털고,87,197,63,15,80,14
885,Klement,디지털고,19,198,51,61,66,16
886,Nathan,디지털고,20,189,84,26,57,63
887,Marthe,디지털고,72,195,54,50,51,42
888,Wilone,디지털고,11,169,72,6,81,14
889,Merilee,디지털고,96,204,100,10,83,59
890,Eyde,디지털고,8,173,55,60,75,39
891,Mohandas,디지털고,97,169,90,70,97,55
892,Ulrich,디지털고,100,195,89,17,77,64
893,Claudia,신림고,85,196,100,67,78,5
894,Corry,디지털고,99,183,98,53,47,5
895,Lilith,디지털고,73,177,51,52,78,5
896,Wilona,디지털고,20,182,95,68,42,39
897,Chevy,디지털고,5,186,83,66,67,93
898,Hermann,디지털고,96,186,53,0,89,49
899,Jonathon,디지털고,4,170,55,19,83,7
900,Doroteya,디지털고,93,188,90,54,70,27
901,Dulciana,디지털고,82,190,88,29,83,35
902,Drew,디지털고,40,171,76,89,99,78
903,Whitman,디지털고,84,189,68,34,41,93
904,Glennis,디지털고,43,182,72,45,58,99
905,Siana,디지털고,61,168,76,92,60,80
906,Asa,디지털고,47,189,86,66,45,5
907,Gothart,디지털고,19,200,73,43,89,6
908,Michel,구로고,87,181,56,43,89,73
909,Lesly,디지털고,47,167,80,9,94,87
910,Aurore,디지털고,74,171,96,28,64,14
911,Orton,디지털고,57,203,61,62,87,87
912,Fraze,디지털고,55,185,74,14,58,21
913,Jo-anne,디지털고,69,191,51,15,73,65
914,Geoff,디지털고,10,175,60,76,50,39
915,Marcella,디지털고,42,197,55,14,80,73
916,Vite,디지털고,50,210,67,18,100,78
917,Austine,디지털고,96,203,79,34,96,22
918,Pierce,디지털고,57,176,89,81,46,34
919,Katheryn,디지털고,93,205,87,42,54,50
920,Griff,디지털고,41,170,93,1,75,22
921,Cob,디지털고,63,176,58,80,53,13
922,Cary,디지털고,80,160,58,35,77,83
923,Loree,디지털고,51,176,73,69,59,88
924,Mervin,디지털고,88,166,82,53,95,54
925,Jewelle,디지털고,88,160,100,77,46,16
926,Kalina,디지털고,63,200,98,44,57,57
927,Lotte,디지털고,75,171,72,21,85,46
928,Agustin,디지털고,75,174,97,14,82,76
929,Rickey,디지털고,73,174,96,90,95,63
930,Joni,디지털고,74,210,100,34,85,70
931,Jaynell,디지털고,31,185,74,63,38,9
932,Anny,디지털고,64,177,94,97,93,24
933,Bentley,디지털고,21,178,63,65,30,52
934,Gunther,디지털고,24,162,81,83,42,91
935,Cosetta,디지털고,6,160,58,23,79,98
936,Manolo,디지털고,88,161,69,24,95,86
937,Rosanna,디지털고,54,194,74,70,94,1
938,Dacy,디지털고,79,168,91,56,33,57
939,Pollyanna,디지털고,72,191,51,53,36,78
940,Kelsy,디지털고,54,171,95,81,65,31
941,Harriette,디지털고,91,191,81,60,65,53
942,Viki,디지털고,19,165,55,9,97,85
943,Roman,디지털고,20,163,99,49,58,32
944,Erda,디지털고,27,198,63,91,32,76
945,Caz,디지털고,13,164,56,87,58,67
946,Newton,디지털고,97,199,65,88,68,87
947,Winne,디지털고,76,177,80,17,66,65
948,Katina,디지털고,30,181,62,16,38,3
949,Morgen,디지털고,71,168,83,40,87,16
950,Rustin,디지털고,54,167,81,83,92,94
951,Franklin,디지털고,52,181,78,77,30,70
952,Maddalena,디지털고,59,175,80,16,75,50
953,Kirby,디지털고,21,194,97,17,76,96
954,Casie,디지털고,38,175,79,97,98,99
955,Basia,디지털고,2,195,95,100,93,15
956,Lyell,디지털고,88,181,81,79,78,28
957,Hillary,디지털고,39,182,83,89,83,28
958,Nicole,디지털고,42,187,71,33,67,21
959,Neille,디지털고,20,181,60,70,61,6
960,Marrilee,디지털고,47,169,64,70,77,76
961,Cornelle,디지털고,82,178,72,12,49,66
962,Iseabal,디지털고,97,188,56,79,39,86
963,Bill,디지털고,84,196,68,84,88,90
964,Elly,디지털고,68,175,96,14,54,39
965,Erin,디지털고,48,180,78,82,58,75
966,Harv,디지털고,38,169,64,23,83,81
967,Josi,디지털고,93,169,64,54,51,72
968,Janis,디지털고,86,183,52,76,64,96
969,Markos,디지털고,39,176,60,86,42,95
970,Eamon,디지털고,45,172,61,38,31,7
971,Marlowe,디지털고,21,173,78,77,61,60
972,Rosalynd,디지털고,99,204,96,97,98,92
973,Yasmin,디지털고,83,192,92,93,78,5
974,Myron,디지털고,77,191,71,55,92,40
975,Genna,디지털고,97,178,77,5,47,32
976,Horton,디지털고,6,174,97,88,34,68
977,Innis,디지털고,24,171,73,69,74,91
978,Adelle,디지털고,53,166,98,76,61,27
979,Pincus,디지털고,50,186,67,18,85,57
980,Josy,디지털고,58,168,75,64,57,18
981,Kimberlee,디지털고,44,169,92,39,54,65
982,Agustin,디지털고,38,200,77,47,85,99
983,Towny,디지털고,46,197,55,30,63,70
984,Deina,디지털고,29,182,63,48,92,91
985,Benyamin,디지털고,93,162,53,81,89,83
986,Tony,디지털고,15,165,78,77,48,9
987,Angelika,디지털고,72,200,78,2,44,84
988,Wynne,디지털고,33,168,65,97,53,33
989,Rocky,디지털고,57,177,63,14,100,70
990,Brocky,디지털고,73,200,57,31,45,7
991,Berny,디지털고,32,190,71,18,51,88
992,Rahel,디지털고,40,172,65,43,74,53
993,Inger,디지털고,78,163,75,27,81,84
994,Lindsay,디지털고,28,163,79,7,56,34
995,El,디지털고,15,193,83,97,57,76
996,Nehemiah,신림고,12,173,90,29,74,11
997,Roderick,디지털고,20,165,76,98,35,53
998,Vance,디지털고,54,179,61,40,47,80
999,Cy,디지털고,10,210,59,97,85,70
1000,Dominik,디지털고,45,210,68,63,43,53
